{
	"_id": {
		"$oid": "5826bccc82ed1def6bab3b5d"
	},
	"pos": {
		"x": 0,
		"y": 4,
		"z": -100
	},
	"dir": {
		"x": 0,
		"y": 0.029986509105671008,
		"z": 0.9995503035223668
	},
	"up": {
		"x": 0,
		"y": 0.9995503035223668,
		"z": -0.029986509105671008
	},
	"target": {
		"x": 0,
		"y": 7,
		"z": 0
	},
	"film_offset": {
		"x": 0,
		"y": 7
	},
	"filmback_W": 0.5911857670478398,
	"filmback_H": 0.4433893252858798,
	"imgWidth": 80,
	"imgHeight": 60,
	"near_plane": 1,
	"fov": 25
}
