{
	"_id": {
		"$oid": "5826bcd482ed1def6bab59d4"
	},
	"path": [
		{
			"vertex": {
				"vertexID": 70030,
				"L": {
					"r": 477.48405648184206,
					"g": 477.48405648184206,
					"b": 477.48405648184206
				},
				"noHit": false,
				"isCameraNode": false,
				"isLightNode": true,
				"isLightHit": true,
				"ray": {
					"isInsideVolume": false,
					"rayType": "original",
					"p": {
						"x": 1.4902600573876856,
						"y": 10.774718570774503,
						"z": -7.942387728357821
					},
					"d": {
						"x": -0.3981337592136291,
						"y": 0.7080209928893444,
						"z": -0.5832630482058768
					},
					"ID": 0,
					"level": 0
				},
				"brdf": {
					"instanceName": "unknown"
				},
				"hInfo": {
					"p": {
						"x": 1.490299870745823,
						"y": 10.774647768633152,
						"z": -7.942329401964037
					},
					"N": {
						"x": 0.16067222308352505,
						"y": 0.42271824302921096,
						"z": -0.8919045485586979
					},
					"shapeN": {
						"x": 0.17783963672007172,
						"y": 0.4206263128620956,
						"z": -0.8896328279348237
					},
					"z": 0
				},
				"light": {
					"lightID": 1,
					"PDF_Choose": 1,
					"isPhantom": false,
					"Type": "AreaLightMesh",
					"intensity": {
						"r": 640.1463677889327,
						"g": 640.1463677889327,
						"b": 640.1463677889327
					},
					"origin": {
						"x": 0,
						"y": 0,
						"z": 0
					},
					"lightDirection": {
						"x": 0,
						"y": 0,
						"z": 1
					}
				}
			},
			"orderN": 0
		},
		{
			"vertex": {
				"vertexID": 70043,
				"L": {
					"r": 150000.00000000003,
					"g": 150000.00000000003,
					"b": 150000.00000000003
				},
				"noHit": false,
				"isCameraNode": false,
				"isLightNode": false,
				"isLightHit": false,
				"ray": {
					"isInsideVolume": false,
					"rayType": "reflection",
					"p": {
						"x": -100.41618520989198,
						"y": 191.9999999999921,
						"z": -157.2345854455721
					},
					"d": {
						"x": -0.6321190080393676,
						"y": -0.7591723896761945,
						"z": 0.15518647630725507
					},
					"ID": 0,
					"level": 1
				},
				"brdf": {
					"instanceName": "wall"
				},
				"hInfo": {
					"p": {
						"x": -100.41618520989545,
						"y": 192,
						"z": -157.23458544557715
					},
					"N": {
						"x": 0,
						"y": -1,
						"z": -6.123233995736766e-17
					},
					"shapeN": {
						"x": 0,
						"y": -1,
						"z": 0
					},
					"z": 255.96032215043226
				}
			},
			"orderN": 1
		},
		{
			"vertex": {
				"vertexID": 70056,
				"L": {
					"r": 150000.00000000003,
					"g": 150000.00000000003,
					"b": 150000.00000000003
				},
				"noHit": false,
				"isCameraNode": false,
				"isLightNode": false,
				"isLightHit": false,
				"ray": {
					"isInsideVolume": false,
					"rayType": "reflection",
					"p": {
						"x": -260.2834975542138,
						"y": 8.33151045382775e-12,
						"z": -117.98684164432643
					},
					"d": {
						"x": 0.38253433774043893,
						"y": 0.7353437785462925,
						"z": -0.5594077294806934
					},
					"ID": 0,
					"level": 2
				},
				"brdf": {
					"instanceName": "wall"
				},
				"hInfo": {
					"p": {
						"x": -260.28349755421925,
						"y": 5.684341886080802e-14,
						"z": -117.9868416443251
					},
					"N": {
						"x": 0,
						"y": 1,
						"z": 6.123233995736766e-17
					},
					"shapeN": {
						"x": 0,
						"y": 1,
						"z": 6.12323399573677e-17
					},
					"z": 252.90698477836466
				}
			},
			"orderN": 2
		},
		{
			"vertex": {
				"vertexID": 70068,
				"L": {
					"r": 150000.00000000003,
					"g": 150000.00000000003,
					"b": 150000.00000000003
				},
				"noHit": false,
				"isCameraNode": false,
				"isLightNode": false,
				"isLightHit": false,
				"ray": {
					"isInsideVolume": false,
					"rayType": "reflection",
					"p": {
						"x": -160.4028771029796,
						"y": 191.9999999999919,
						"z": -264.04952306473274
					},
					"d": {
						"x": 0.06832745853374743,
						"y": -0.89221187823658,
						"z": -0.44641832706988344
					},
					"ID": 0,
					"level": 3
				},
				"brdf": {
					"instanceName": "wall"
				},
				"hInfo": {
					"p": {
						"x": -160.40287710297628,
						"y": 192,
						"z": -264.04952306473757
					},
					"N": {
						"x": 0,
						"y": -1,
						"z": -6.123233995736766e-17
					},
					"shapeN": {
						"x": 0,
						"y": -1,
						"z": 0
					},
					"z": 261.10236545355446
				}
			},
			"orderN": 3
		},
		{
			"vertex": {
				"vertexID": 70080,
				"L": {
					"r": 150000.00000000003,
					"g": 150000.00000000003,
					"b": 150000.00000000003
				},
				"noHit": false,
				"isCameraNode": false,
				"isLightNode": false,
				"isLightHit": false,
				"ray": {
					"isInsideVolume": false,
					"rayType": "reflection",
					"p": {
						"x": -145.75659729430225,
						"y": 0.7506092323808877,
						"z": -359.7411801275781
					},
					"d": {
						"x": 0.704486506957366,
						"y": 0.5942702270344169,
						"z": -0.3879969829463521
					},
					"ID": 0,
					"level": 4
				},
				"brdf": {
					"instanceName": "wall"
				},
				"hInfo": {
					"p": {
						"x": -145.75659729430168,
						"y": 0.7506092323716871,
						"z": -359.74118012758197
					},
					"N": {
						"x": 0,
						"y": 0.9984408731331043,
						"z": 0.055819556225436905
					},
					"shapeN": {
						"x": 0,
						"y": 0.9977496412245022,
						"z": 0.06704963412560344
					},
					"z": 214.35423068522329
				}
			},
			"orderN": 4
		},
		{
			"vertex": {
				"vertexID": 70092,
				"L": {
					"r": 148038.2083801576,
					"g": 148038.2083801576,
					"b": 148038.2083801576
				},
				"noHit": false,
				"isCameraNode": false,
				"isLightNode": false,
				"isLightHit": false,
				"ray": {
					"isInsideVolume": false,
					"rayType": "reflection",
					"p": {
						"x": -72.65861810185233,
						"y": 62.412475373818836,
						"z": -399.9999999999946
					},
					"d": {
						"x": -0.853831121242352,
						"y": 0.33644569269160784,
						"z": 0.3972111683566964
					},
					"ID": 0,
					"level": 5
				},
				"brdf": {
					"instanceName": "wall"
				},
				"hInfo": {
					"p": {
						"x": -72.65861810184589,
						"y": 62.41247537382427,
						"z": -400
					},
					"N": {
						"x": 0,
						"y": -6.123233995736767e-17,
						"z": 1
					},
					"shapeN": {
						"x": 0,
						"y": 0,
						"z": 1
					},
					"z": 103.76065186565751
				}
			},
			"orderN": 5
		},
		{
			"vertex": {
				"vertexID": 70105,
				"L": {
					"r": 148038.2083801576,
					"g": 148038.2083801576,
					"b": 148038.2083801576
				},
				"noHit": false,
				"isCameraNode": false,
				"isLightNode": false,
				"isLightHit": false,
				"ray": {
					"isInsideVolume": false,
					"rayType": "reflection",
					"p": {
						"x": -388.90909594858414,
						"y": 187.02858321535237,
						"z": -252.8769698437671
					},
					"d": {
						"x": 0.8806584422484426,
						"y": -0.19046667539130732,
						"z": -0.43377776990289485
					},
					"ID": 0,
					"level": 6
				},
				"brdf": {
					"instanceName": "wall"
				},
				"hInfo": {
					"p": {
						"x": -388.90909594859227,
						"y": 187.028583215357,
						"z": -252.8769698437636
					},
					"N": {
						"x": 0.37216842749542,
						"y": -0.9281652124355805,
						"z": -5.683372782445785e-17
					},
					"shapeN": {
						"x": 0.331045623466037,
						"y": -0.9436147493463544,
						"z": 0
					},
					"z": 370.3899635171241
				}
			},
			"orderN": 6
		},
		{
			"vertex": {
				"vertexID": 70118,
				"L": {
					"r": 145168.04296454502,
					"g": 145168.04296454502,
					"b": 145168.04296454502
				},
				"noHit": false,
				"isCameraNode": false,
				"isLightNode": false,
				"isLightHit": false,
				"ray": {
					"isInsideVolume": false,
					"rayType": "reflection",
					"p": {
						"x": -90.21896578064222,
						"y": 122.42860513527472,
						"z": -399.99999999999426
					},
					"d": {
						"x": -0.5289038310160886,
						"y": -0.3155467146834547,
						"z": 0.7878394559737303
					},
					"ID": 0,
					"level": 7
				},