{
	"_id": {
		"$oid": "5826bccf82ed1def6bab3f46"
	},
	"pixel_i": 43,
	"pixel_j": 24,
	"path": [
		{
			"vertex": {
				"vertexID": 23608,
				"L": {
					"r": 0.9988123760016016,
					"g": 0.9988123760016016,
					"b": 0.9988123760016016
				},
				"noHit": false,
				"isCameraNode": true,
				"isLightNode": false,
				"isLightHit": false,
				"ray": {
					"isInsideVolume": false,
					"rayType": "original",
					"p": {
						"x": -2.2355509976164908e-13,
						"y": 4.000000000000732,
						"z": -99.99999999999002
					},
					"d": {
						"x": -0.02235550997616491,
						"y": 0.07322194417101395,
						"z": 0.9970650821614014
					},
					"ID": 1963,
					"level": 0
				},
				"brdf": {
					"instanceName": "unknown"
				},
				"hInfo": {
					"p": {
						"x": 0,
						"y": 4,
						"z": -100
					},
					"N": {
						"x": 0,
						"y": 0.029986509105671008,
						"z": 0.9995503035223668
					},
					"shapeN": {
						"x": 0,
						"y": 0.029986509105671008,
						"z": 0.9995503035223668
					},
					"z": 1e+18
				}
			},
			"orderN": 0
		},
		{
			"vertex": {
				"vertexID": 23620,
				"L": {
					"r": 637.1107681151041,
					"g": 637.1107681151041,
					"b": 637.1107681151041
				},
				"noHit": false,
				"isCameraNode": false,
				"isLightNode": false,
				"isLightHit": true,
				"ray": {
					"isInsideVolume": false,
					"rayType": "original",
					"p": {
						"x": -2.0667782415059626,
						"y": 10.769405894777858,
						"z": -7.8208271976958486
					},
					"d": {
						"x": 0.8256687702417345,
						"y": 0.0737177594127399,
						"z": -0.5593181329035087
					},
					"ID": 0,
					"level": 0
				},
				"brdf": {
					"instanceName": "NULL"
				},
				"hInfo": {
					"p": {
						"x": -2.0667782415059626,
						"y": 10.769405894777858,
						"z": -7.8208271976958486
					},
					"N": {
						"x": -0.22441628313850598,
						"y": 0.42278066637178646,
						"z": -0.8780056036293425
					},
					"shapeN": {
						"x": -0.24754466941001038,
						"y": 0.4208502400170793,
						"z": -0.8727008147837697
					},
					"z": 92.4505074457843
				},
				"light": {
					"lightID": 1,
					"PDF_Choose": 1,
					"isPhantom": false,
					"Type": "AreaLightMesh",
					"intensity": {
						"r": 640.1463677889327,
						"g": 640.1463677889327,
						"b": 640.1463677889327
					},
					"origin": {
						"x": 0,
						"y": 0,
						"z": 0
					},
					"lightDirection": {
						"x": 0,
						"y": 0,
						"z": 1
					}
				}
			},
			"orderN": 1
		}
	]
}